binary_sha256,command,git_dirty,git_revision,invocation,layer,max_abs,mode,model_sha256,parity_pass,q8_model_sha256,records,rmse,site,threads,tolerance_failures,top1_changes,top1_rows,trace_sha256,values,variant
f05906efefe2cee8cd8652a83b7c795128abef00ec21aec6ad7dfa318a7304e9,replay,True,4e9f6c50354337c415bb8c37e3ed23736ee0af40,"[""/home/rmj/FPGA_LLM/llama2.c/build/smollm"",""replay"",""--mode"",""linear"",""--trace"",""/home/rmj/FPGA_LLM/llama2.c/traces/numerical/fp32_fp32.smtrace"",""--model"",""/home/rmj/FPGA_LLM/llama2.c/models/smollm2-f32.bin"",""--q8-model"",""/home/rmj/FPGA_LLM/llama2.c/models/smollm2-q8.bin""]",0,4.76837158203e-06,linear,2d2367f33b1e87706b959fa8ec1de4b3d04572c5d5bad9b0fd6ecbd905fc7849,True,b9ab3f3690b6648fe3ba2c1b75e1cb9af93b54d6f4ce9ad93867d20c2e61873d,57,2.74290050132e-07,model.layers.0.self_attn.q_proj.weight,1,0,0,57,d444685ef3228ef0f01eee77644159391f164fdf83c26382b42ed6e2b3825ef2,32832,fp32_capture
f05906efefe2cee8cd8652a83b7c795128abef00ec21aec6ad7dfa318a7304e9,replay,True,4e9f6c50354337c415bb8c37e3ed23736ee0af40,"[""/home/rmj/FPGA_LLM/llama2.c/build/smollm"",""replay"",""--mode"",""linear"",""--trace"",""/home/rmj/FPGA_LLM/llama2.c/traces/numerical/fp32_fp32.smtrace"",""--model"",""/home/rmj/FPGA_LLM/llama2.c/models/smollm2-f32.bin"",""--q8-model"",""/home/rmj/FPGA_LLM/llama2.c/models/smollm2-q8.bin""]",0,0.0187520980835,linear,2d2367f33b1e87706b959fa8ec1de4b3d04572c5d5bad9b0fd6ecbd905fc7849,,b9ab3f3690b6648fe3ba2c1b75e1cb9af93b54d6f4ce9ad93867d20c2e61873d,57,0.00234359477876,model.layers.0.self_attn.q_proj.weight,1,,0,57,d444685ef3228ef0f01eee77644159391f164fdf83c26382b42ed6e2b3825ef2,32832,weight_only
f05906efefe2cee8cd8652a83b7c795128abef00ec21aec6ad7dfa318a7304e9,replay,True,4e9f6c50354337c415bb8c37e3ed23736ee0af40,"[""/home/rmj/FPGA_LLM/llama2.c/build/smollm"",""replay"",""--mode"",""linear"",""--trace"",""/home/rmj/FPGA_LLM/llama2.c/traces/numerical/fp32_fp32.smtrace"",""--model"",""/home/rmj/FPGA_LLM/llama2.c/models/smollm2-f32.bin"",""--q8-model"",""/home/rmj/FPGA_LLM/llama2.c/models/smollm2-q8.bin""]",0,0.0480947494507,linear,2d2367f33b1e87706b959fa8ec1de4b3d04572c5d5bad9b0fd6ecbd905fc7849,,b9ab3f3690b6648fe3ba2c1b75e1cb9af93b54d6f4ce9ad93867d20c2e61873d,57,0.00448612866956,model.layers.0.self_attn.q_proj.weight,1,,0,57,d444685ef3228ef0f01eee77644159391f164fdf83c26382b42ed6e2b3825ef2,32832,activation_only
f05906efefe2cee8cd8652a83b7c795128abef00ec21aec6ad7dfa318a7304e9,replay,True,4e9f6c50354337c415bb8c37e3ed23736ee0af40,"[""/home/rmj/FPGA_LLM/llama2.c/build/smollm"",""replay"",""--mode"",""linear"",""--trace"",""/home/rmj/FPGA_LLM/llama2.c/traces/numerical/fp32_fp32.smtrace"",""--model"",""/home/rmj/FPGA_LLM/llama2.c/models/smollm2-f32.bin"",""--q8-model"",""/home/rmj/FPGA_LLM/llama2.c/models/smollm2-q8.bin""]",0,0.0474491119385,linear,2d2367f33b1e87706b959fa8ec1de4b3d04572c5d5bad9b0fd6ecbd905fc7849,,b9ab3f3690b6648fe3ba2c1b75e1cb9af93b54d6f4ce9ad93867d20c2e61873d,57,0.00504466727332,model.layers.0.self_attn.q_proj.weight,1,,0,57,d444685ef3228ef0f01eee77644159391f164fdf83c26382b42ed6e2b3825ef2,32832,w8a8
f05906efefe2cee8cd8652a83b7c795128abef00ec21aec6ad7dfa318a7304e9,replay,True,4e9f6c50354337c415bb8c37e3ed23736ee0af40,"[""/home/rmj/FPGA_LLM/llama2.c/build/smollm"",""replay"",""--mode"",""linear"",""--trace"",""/home/rmj/FPGA_LLM/llama2.c/traces/numerical/fp32_fp32.smtrace"",""--model"",""/home/rmj/FPGA_LLM/llama2.c/models/smollm2-f32.bin"",""--q8-model"",""/home/rmj/FPGA_LLM/llama2.c/models/smollm2-q8.bin""]",0,6.19888305664e-06,linear,2d2367f33b1e87706b959fa8ec1de4b3d04572c5d5bad9b0fd6ecbd905fc7849,True,b9ab3f3690b6648fe3ba2c1b75e1cb9af93b54d6f4ce9ad93867d20c2e61873d,57,3.27514271305e-07,model.layers.0.self_attn.k_proj.weight,1,0,0,57,d444685ef3228ef0f01eee77644159391f164fdf83c26382b42ed6e2b3825ef2,10944,fp32_capture
f05906efefe2cee8cd8652a83b7c795128abef00ec21aec6ad7dfa318a7304e9,replay,True,4e9f6c50354337c415bb8c37e3ed23736ee0af40,"[""/home/rmj/FPGA_LLM/llama2.c/build/smollm"",""replay"",""--mode"",""linear"",""--trace"",""/home/rmj/FPGA_LLM/llama2.c/traces/numerical/fp32_fp32.smtrace"",""--model"",""/home/rmj/FPGA_LLM/llama2.c/models/smollm2-f32.bin"",""--q8-model"",""/home/rmj/FPGA_LLM/llama2.c/models/smollm2-q8.bin""]",0,0.0171823501587,linear,2d2367f33b1e87706b959fa8ec1de4b3d04572c5d5bad9b0fd6ecbd905fc7849,,b9ab3f3690b6648fe3ba2c1b75e1cb9af93b54d6f4ce9ad93867d20c2e61873d,57,0.00322664971349,model.layers.0.self_attn.k_proj.weight,1,,0,57,d444685ef3228ef0f01eee77644159391f164fdf83c26382b42ed6e2b3825ef2,10944,weight_only
f05906efefe2cee8cd8652a83b7c795128abef00ec21aec6ad7dfa318a7304e9,replay,True,4e9f6c50354337c415bb8c37e3ed23736ee0af40,"[""/home/rmj/FPGA_LLM/llama2.c/build/smollm"",""replay"",""--mode"",""linear"",""--trace"",""/home/rmj/FPGA_LLM/llama2.c/traces/numerical/fp32_fp32.smtrace"",""--model"",""/home/rmj/FPGA_LLM/llama2.c/models/smollm2-f32.bin"",""--q8-model"",""/home/rmj/FPGA_LLM/llama2.c/models/smollm2-q8.bin""]",0,0.0522346496582,linear,2d2367f33b1e87706b959fa8ec1de4b3d04572c5d5bad9b0fd6ecbd905fc7849,,b9ab3f3690b6648fe3ba2c1b75e1cb9af93b54d6f4ce9ad93867d20c2e61873d,57,0.00614637596901,model.layers.0.self_attn.k_proj.weight,1,,0,57,d444685ef3228ef0f01eee77644159391f164fdf83c26382b42ed6e2b3825ef2,10944,activation_only
f05906efefe2cee8cd8652a83b7c795128abef00ec21aec6ad7dfa318a7304e9,replay,True,4e9f6c50354337c415bb8c37e3ed23736ee0af40,"[""/home/rmj/FPGA_LLM/llama2.c/build/smollm"",""replay"",""--mode"",""linear"",""--trace"",""/home/rmj/FPGA_LLM/llama2.c/traces/numerical/fp32_fp32.smtrace"",""--model"",""/home/rmj/FPGA_LLM/llama2.c/models/smollm2-f32.bin"",""--q8-model"",""/home/rmj/FPGA_LLM/llama2.c/models/smollm2-q8.bin""]",0,0.0497617721558,linear,2d2367f33b1e87706b959fa8ec1de4b3d04572c5d5bad9b0fd6ecbd905fc7849,,b9ab3f3690b6648fe3ba2c1b75e1cb9af93b54d6f4ce9ad93867d20c2e61873d,57,0.00692866843206,model.layers.0.self_attn.k_proj.weight,1,,0,57,d444685ef3228ef0f01eee77644159391f164fdf83c26382b42ed6e2b3825ef2,10944,w8a8
f05906efefe2cee8cd8652a83b7c795128abef00ec21aec6ad7dfa318a7304e9,replay,True,4e9f6c50354337c415bb8c37e3ed23736ee0af40,"[""/home/rmj/FPGA_LLM/llama2.c/build/smollm"",""replay"",""--mode"",""linear"",""--trace"",""/home/rmj/FPGA_LLM/llama2.c/traces/numerical/fp32_fp32.smtrace"",""--model"",""/home/rmj/FPGA_LLM/llama2.c/models/smollm2-f32.bin"",""--q8-model"",""/home/rmj/FPGA_LLM/llama2.c/models/smollm2-q8.bin""]",0,2.38418579102e-07,linear,2d2367f33b1e87706b959fa8ec1de4b3d04572c5d5bad9b0fd6ecbd905fc7849,True,b9ab3f3690b6648fe3ba2c1b75e1cb9af93b54d6f4ce9ad93867d20c2e61873d,57,1.20877398757e-08,model.layers.0.self_attn.v_proj.weight,1,0,0,57,d444685ef3228ef0f01eee77644159391f164fdf83c26382b42ed6e2b3825ef2,10944,fp32_capture
f05906efefe2cee8cd8652a83b7c795128abef00ec21aec6ad7dfa318a7304e9,replay,True,4e9f6c50354337c415bb8c37e3ed23736ee0af40,"[""/home/rmj/FPGA_LLM/llama2.c/build/smollm"",""replay"",""--mode"",""linear"",""--trace"",""/home/rmj/FPGA_LLM/llama2.c/traces/numerical/fp32_fp32.smtrace"",""--model"",""/home/rmj/FPGA_LLM/llama2.c/models/smollm2-f32.bin"",""--q8-model"",""/home/rmj/FPGA_LLM/llama2.c/models/smollm2-q8.bin""]",0,0.00156463868916,linear,2d2367f33b1e87706b959fa8ec1de4b3d04572c5d5bad9b0fd6ecbd905fc7849,,b9ab3f3690b6648fe3ba2c1b75e1cb9af93b54d6f4ce9ad93867d20c2e61873d,57,0.000368059711382,model.layers.0.self_attn.v_proj.weight,1,,1,57,d444685ef3228ef0f01eee77644159391f164fdf83c26382b42ed6e2b3825ef2,10944,weight_only
f05906efefe2cee8cd8652a83b7c795128abef00ec21aec6ad7dfa318a7304e9,replay,True,4e9f6c50354337c415bb8c37e3ed23736ee0af40,"[""/home/rmj/FPGA_LLM/llama2.c/build/smollm"",""replay"",""--mode"",""linear"",""--trace"",""/home/rmj/FPGA_LLM/llama2.c/traces/numerical/fp32_fp32.smtrace"",""--model"",""/home/rmj/FPGA_LLM/llama2.c/models/smollm2-f32.bin"",""--q8-model"",""/home/rmj/FPGA_LLM/llama2.c/models/smollm2-q8.bin""]",0,0.00466469675303,linear,2d2367f33b1e87706b959fa8ec1de4b3d04572c5d5bad9b0fd6ecbd905fc7849,,b9ab3f3690b6648fe3ba2c1b75e1cb9af93b54d6f4ce9ad93867d20c2e61873d,57,0.000760937781268,model.layers.0.self_attn.v_proj.weight,1,,0,57,d444685ef3228ef0f01eee77644159391f164fdf83c26382b42ed6e2b3825ef2,10944,activation_only
f05906efefe2cee8cd8652a83b7c795128abef00ec21aec6ad7dfa318a7304e9,replay,True,4e9f6c50354337c415bb8c37e3ed23736ee0af40,"[""/home/rmj/FPGA_LLM/llama2.c/build/smollm"",""replay"",""--mode"",""linear"",""--trace"",""/home/rmj/FPGA_LLM/llama2.c/traces/numerical/fp32_fp32.smtrace"",""--model"",""/home/rmj/FPGA_LLM/llama2.c/models/smollm2-f32.bin"",""--q8-model"",""/home/rmj/FPGA_LLM/llama2.c/models/smollm2-q8.bin""]",0,0.00459887087345,linear,2d2367f33b1e87706b959fa8ec1de4b3d04572c5d5bad9b0fd6ecbd905fc7849,,b9ab3f3690b6648fe3ba2c1b75e1cb9af93b54d6f4ce9ad93867d20c2e61873d,57,0.00084466489697,model.layers.0.self_attn.v_proj.weight,1,,1,57,d444685ef3228ef0f01eee77644159391f164fdf83c26382b42ed6e2b3825ef2,10944,w8a8
f05906efefe2cee8cd8652a83b7c795128abef00ec21aec6ad7dfa318a7304e9,replay,True,4e9f6c50354337c415bb8c37e3ed23736ee0af40,"[""/home/rmj/FPGA_LLM/llama2.c/build/smollm"",""replay"",""--mode"",""linear"",""--trace"",""/home/rmj/FPGA_LLM/llama2.c/traces/numerical/fp32_fp32.smtrace"",""--model"",""/home/rmj/FPGA_LLM/llama2.c/models/smollm2-f32.bin"",""--q8-model"",""/home/rmj/FPGA_LLM/llama2.c/models/smollm2-q8.bin""]",0,9.53674316406e-07,linear,2d2367f33b1e87706b959fa8ec1de4b3d04572c5d5bad9b0fd6ecbd905fc7849,True,b9ab3f3690b6648fe3ba2c1b75e1cb9af93b54d6f4ce9ad93867d20c2e61873d,57,2.51478667933e-08,model.layers.0.self_attn.o_proj.weight,1,0,0,57,d444685ef3228ef0f01eee77644159391f164fdf83c26382b42ed6e2b3825ef2,32832,fp32_capture
f05906efefe2cee8cd8652a83b7c795128abef00ec21aec6ad7dfa318a7304e9,replay,True,4e9f6c50354337c415bb8c37e3ed23736ee0af40,"[""/home/rmj/FPGA_LLM/llama2.c/build/smollm"",""replay"",""--mode"",""linear"",""--trace"",""/home/rmj/FPGA_LLM/llama2.c/traces/numerical/fp32_fp32.smtrace"",""--model"",""/home/rmj/FPGA_LLM/llama2.c/models/smollm2-f32.bin"",""--q8-model"",""/home/rmj/FPGA_LLM/llama2.c/models/smollm2-q8.bin""]",0,0.00256311893463,linear,2d2367f33b1e87706b959fa8ec1de4b3d04572c5d5bad9b0fd6ecbd905fc7849,,b9ab3f3690b6648fe3ba2c1b75e1cb9af93b54d6f4ce9ad93867d20c2e61873d,57,0.000266466599826,model.layers.0.self_attn.o_proj.weight,1,,0,57,d444685ef3228ef0f01eee77644159391f164fdf83c26382b42ed6e2b3825ef2,32832,weight_only
f05906efefe2cee8cd8652a83b7c795128abef00ec21aec6ad7dfa318a7304e9,replay,True,4e9f6c50354337c415bb8c37e3ed23736ee0af40,"[""/home/rmj/FPGA_LLM/llama2.c/build/smollm"",""replay"",""--mode"",""linear"",""--trace"",""/home/rmj/FPGA_LLM/llama2.c/traces/numerical/fp32_fp32.smtrace"",""--model"",""/home/rmj/FPGA_LLM/llama2.c/models/smollm2-f32.bin"",""--q8-model"",""/home/rmj/FPGA_LLM/llama2.c/models/smollm2-q8.bin""]",0,0.00878620147705,linear,2d2367f33b1e87706b959fa8ec1de4b3d04572c5d5bad9b0fd6ecbd905fc7849,,b9ab3f3690b6648fe3ba2c1b75e1cb9af93b54d6f4ce9ad93867d20c2e61873d,57,0.000615914561372,model.layers.0.self_attn.o_proj.weight,1,,0,57,d444685ef3228ef0f01eee77644159391f164fdf83c26382b42ed6e2b3825ef2,32832,activation_only
f05906efefe2cee8cd8652a83b7c795128abef00ec21aec6ad7dfa318a7304e9,replay,True,4e9f6c50354337c415bb8c37e3ed23736ee0af40,"[""/home/rmj/FPGA_LLM/llama2.c/build/smollm"",""replay"",""--mode"",""linear"",""--trace"",""/home/rmj/FPGA_LLM/llama2.c/traces/numerical/fp32_fp32.smtrace"",""--model"",""/home/rmj/FPGA_LLM/llama2.c/models/smollm2-f32.bin"",""--q8-model"",""/home/rmj/FPGA_LLM/llama2.c/models/smollm2-q8.bin""]",0,0.0109589099884,linear,2d2367f33b1e87706b959fa8ec1de4b3d04572c5d5bad9b0fd6ecbd905fc7849,,b9ab3f3690b6648fe3ba2c1b75e1cb9af93b54d6f4ce9ad93867d20c2e61873d,57,0.000675156644969,model.layers.0.self_attn.o_proj.weight,1,,0,57,d444685ef3228ef0f01eee77644159391f164fdf83c26382b42ed6e2b3825ef2,32832,w8a8
f05906efefe2cee8cd8652a83b7c795128abef00ec21aec6ad7dfa318a7304e9,replay,True,4e9f6c50354337c415bb8c37e3ed23736ee0af40,"[""/home/rmj/FPGA_LLM/llama2.c/build/smollm"",""replay"",""--mode"",""linear"",""--trace"",""/home/rmj/FPGA_LLM/llama2.c/traces/numerical/fp32_fp32.smtrace"",""--model"",""/home/rmj/FPGA_LLM/llama2.c/models/smollm2-f32.bin"",""--q8-model"",""/home/rmj/FPGA_LLM/llama2.c/models/smollm2-q8.bin""]",0,2.38418579102e-06,linear,2d2367f33b1e87706b959fa8ec1de4b3d04572c5d5bad9b0fd6ecbd905fc7849,True,b9ab3f3690b6648fe3ba2c1b75e1cb9af93b54d6f4ce9ad93867d20c2e61873d,57,1.3549569799e-07,model.layers.0.mlp.gate_proj.weight,1,0,0,57,d444685ef3228ef0f01eee77644159391f164fdf83c26382b42ed6e2b3825ef2,87552,fp32_capture
f05906efefe2cee8cd8652a83b7c795128abef00ec21aec6ad7dfa318a7304e9,replay,True,4e9f6c50354337c415bb8c37e3ed23736ee0af40,"[""/home/rmj/FPGA_LLM/llama2.c/build/smollm"",""replay"",""--mode"",""linear"",""--trace"",""/home/rmj/FPGA_LLM/llama2.c/traces/numerical/fp32_fp32.smtrace"",""--model"",""/home/rmj/FPGA_LLM/llama2.c/models/smollm2-f32.bin"",""--q8-model"",""/home/rmj/FPGA_LLM/llama2.c/models/smollm2-q8.bin""]",0,0.0261454582214,linear,2d2367f33b1e87706b959fa8ec1de4b3d04572c5d5bad9b0fd6ecbd905fc7849,,b9ab3f3690b6648fe3ba2c1b75e1cb9af93b54d6f4ce9ad93867d20c2e61873d,57,0.00256828434668,model.layers.0.mlp.gate_proj.weight,1,,1,57,d444685ef3228ef0f01eee77644159391f164fdf83c26382b42ed6e2b3825ef2,87552,weight_only
f05906efefe2cee8cd8652a83b7c795128abef00ec21aec6ad7dfa318a7304e9,replay,True,4e9f6c50354337c415bb8c37e3ed23736ee0af40,"[""/home/rmj/FPGA_LLM/llama2.c/build/smollm"",""replay"",""--mode"",""linear"",""--trace"",""/home/rmj/FPGA_LLM/llama2.c/traces/numerical/fp32_fp32.smtrace"",""--model"",""/home/rmj/FPGA_LLM/llama2.c/models/smollm2-f32.bin"",""--q8-model"",""/home/rmj/FPGA_LLM/llama2.c/models/smollm2-q8.bin""]",0,0.0305186212063,linear,2d2367f33b1e87706b959fa8ec1de4b3d04572c5d5bad9b0fd6ecbd905fc7849,,b9ab3f3690b6648fe3ba2c1b75e1cb9af93b54d6f4ce9ad93867d20c2e61873d,57,0.00492521585931,model.layers.0.mlp.gate_proj.weight,1,,1,57,d444685ef3228ef0f01eee77644159391f164fdf83c26382b42ed6e2b3825ef2,87552,activation_only
f05906efefe2cee8cd8652a83b7c795128abef00ec21aec6ad7dfa318a7304e9,replay,True,4e9f6c50354337c415bb8c37e3ed23736ee0af40,"[""/home/rmj/FPGA_LLM/llama2.c/build/smollm"",""replay"",""--mode"",""linear"",""--trace"",""/home/rmj/FPGA_LLM/llama2.c/traces/numerical/fp32_fp32.smtrace"",""--model"",""/home/rmj/FPGA_LLM/llama2.c/models/smollm2-f32.bin"",""--q8-model"",""/home/rmj/FPGA_LLM/llama2.c/models/smollm2-q8.bin""]",0,0.0378098487854,linear,2d2367f33b1e87706b959fa8ec1de4b3d04572c5d5bad9b0fd6ecbd905fc7849,,b9ab3f3690b6648fe3ba2c1b75e1cb9af93b54d6f4ce9ad93867d20c2e61873d,57,0.00555355838107,model.layers.0.mlp.gate_proj.weight,1,,1,57,d444685ef3228ef0f01eee77644159391f164fdf83c26382b42ed6e2b3825ef2,87552,w8a8
f05906efefe2cee8cd8652a83b7c795128abef00ec21aec6ad7dfa318a7304e9,replay,True,4e9f6c50354337c415bb8c37e3ed23736ee0af40,"[""/home/rmj/FPGA_LLM/llama2.c/build/smollm"",""replay"",""--mode"",""linear"",""--trace"",""/home/rmj/FPGA_LLM/llama2.c/traces/numerical/fp32_fp32.smtrace"",""--model"",""/home/rmj/FPGA_LLM/llama2.c/models/smollm2-f32.bin"",""--q8-model"",""/home/rmj/FPGA_LLM/llama2.c/models/smollm2-q8.bin""]",0,1.19209289551e-06,linear,2d2367f33b1e87706b959fa8ec1de4b3d04572c5d5bad9b0fd6ecbd905fc7849,True,b9ab3f3690b6648fe3ba2c1b75e1cb9af93b54d6f4ce9ad93867d20c2e61873d,57,1.14479631066e-07,model.layers.0.mlp.up_proj.weight,1,0,0,57,d444685ef3228ef0f01eee77644159391f164fdf83c26382b42ed6e2b3825ef2,87552,fp32_capture
f05906efefe2cee8cd8652a83b7c795128abef00ec21aec6ad7dfa318a7304e9,replay,True,4e9f6c50354337c415bb8c37e3ed23736ee0af40,"[""/home/rmj/FPGA_LLM/llama2.c/build/smollm"",""replay"",""--mode"",""linear"",""--trace"",""/home/rmj/FPGA_LLM/llama2.c/traces/numerical/fp32_fp32.smtrace"",""--model"",""/home/rmj/FPGA_LLM/llama2.c/models/smollm2-f32.bin"",""--q8-model"",""/home/rmj/FPGA_LLM/llama2.c/models/smollm2-q8.bin""]",0,0.0154059231281,linear,2d2367f33b1e87706b959fa8ec1de4b3d04572c5d5bad9b0fd6ecbd905fc7849,,b9ab3f3690b6648fe3ba2c1b75e1cb9af93b54d6f4ce9ad93867d20c2e61873d,57,0.00260459880169,model.layers.0.mlp.up_proj.weight,1,,0,57,d444685ef3228ef0f01eee77644159391f164fdf83c26382b42ed6e2b3825ef2,87552,weight_only
f05906efefe2cee8cd8652a83b7c795128abef00ec21aec6ad7dfa318a7304e9,replay,True,4e9f6c50354337c415bb8c37e3ed23736ee0af40,"[""/home/rmj/FPGA_LLM/llama2.c/build/smollm"",""replay"",""--mode"",""linear"",""--trace"",""/home/rmj/FPGA_LLM/llama2.c/traces/numerical/fp32_fp32.smtrace"",""--model"",""/home/rmj/FPGA_LLM/llama2.c/models/smollm2-f32.bin"",""--q8-model"",""/home/rmj/FPGA_LLM/llama2.c/models/smollm2-q8.bin""]",0,0.0266809463501,linear,2d2367f33b1e87706b959fa8ec1de4b3d04572c5d5bad9b0fd6ecbd905fc7849,,b9ab3f3690b6648fe3ba2c1b75e1cb9af93b54d6f4ce9ad93867d20c2e61873d,57,0.00506112040335,model.layers.0.mlp.up_proj.weight,1,,0,57,d444685ef3228ef0f01eee77644159391f164fdf83c26382b42ed6e2b3825ef2,87552,activation_only
f05906efefe2cee8cd8652a83b7c795128abef00ec21aec6ad7dfa318a7304e9,replay,True,4e9f6c50354337c415bb8c37e3ed23736ee0af40,"[""/home/rmj/FPGA_LLM/llama2.c/build/smollm"",""replay"",""--mode"",""linear"",""--trace"",""/home/rmj/FPGA_LLM/llama2.c/traces/numerical/fp32_fp32.smtrace"",""--model"",""/home/rmj/FPGA_LLM/llama2.c/models/smollm2-f32.bin"",""--q8-model"",""/home/rmj/FPGA_LLM/llama2.c/models/smollm2-q8.bin""]",0,0.0281733870506,linear,2d2367f33b1e87706b959fa8ec1de4b3d04572c5d5bad9b0fd6ecbd905fc7849,,b9ab3f3690b6648fe3ba2c1b75e1cb9af93b54d6f4ce9ad93867d20c2e61873d,57,0.00567380203682,model.layers.0.mlp.up_proj.weight,1,,0,57,d444685ef3228ef0f01eee77644159391f164fdf83c26382b42ed6e2b3825ef2,87552,w8a8
f05906efefe2cee8cd8652a83b7c795128abef00ec21aec6ad7dfa318a7304e9,replay,True,4e9f6c50354337c415bb8c37e3ed23736ee0af40,"[""/home/rmj/FPGA_LLM/llama2.c/build/smollm"",""replay"",""--mode"",""linear"",""--trace"",""/home/rmj/FPGA_LLM/llama2.c/traces/numerical/fp32_fp32.smtrace"",""--model"",""/home/rmj/FPGA_LLM/llama2.c/models/smollm2-f32.bin"",""--q8-model"",""/home/rmj/FPGA_LLM/llama2.c/models/smollm2-q8.bin""]",0,8.58306884766e-06,linear,2d2367f33b1e87706b959fa8ec1de4b3d04572c5d5bad9b0fd6ecbd905fc7849,True,b9ab3f3690b6648fe3ba2c1b75e1cb9af93b54d6f4ce9ad93867d20c2e61873d,57,4.62575741707e-07,model.layers.0.mlp.down_proj.weight,1,0,0,57,d444685ef3228ef0f01eee77644159391f164fdf83c26382b42ed6e2b3825ef2,32832,fp32_capture
f05906efefe2cee8cd8652a83b7c795128abef00ec21aec6ad7dfa318a7304e9,replay,True,4e9f6c50354337c415bb8c37e3ed23736ee0af40,"[""/home/rmj/FPGA_LLM/llama2.c/build/smollm"",""replay"",""--mode"",""linear"",""--trace"",""/home/rmj/FPGA_LLM/llama2.c/traces/numerical/fp32_fp32.smtrace"",""--model"",""/home/rmj/FPGA_LLM/llama2.c/models/smollm2-f32.bin"",""--q8-model"",""/home/rmj/FPGA_LLM/llama2.c/models/smollm2-q8.bin""]",0,0.0576777458191,linear,2d2367f33b1e87706b959fa8ec1de4b3d04572c5d5bad9b0fd6ecbd905fc7849,,b9ab3f3690b6648fe3ba2c1b75e1cb9af93b54d6f4ce9ad93867d20c2e61873d,57,0.00751642832239,model.layers.0.mlp.down_proj.weight,1,,1,57,d444685ef3228ef0f01eee77644159391f164fdf83c26382b42ed6e2b3825ef2,32832,weight_only
f05906efefe2cee8cd8652a83b7c795128abef00ec21aec6ad7dfa318a7304e9,replay,True,4e9f6c50354337c415bb8c37e3ed23736ee0af40,"[""/home/rmj/FPGA_LLM/llama2.c/build/smollm"",""replay"",""--mode"",""linear"",""--trace"",""/home/rmj/FPGA_LLM/llama2.c/traces/numerical/fp32_fp32.smtrace"",""--model"",""/home/rmj/FPGA_LLM/llama2.c/models/smollm2-f32.bin"",""--q8-model"",""/home/rmj/FPGA_LLM/llama2.c/models/smollm2-q8.bin""]",0,0.110277473927,linear,2d2367f33b1e87706b959fa8ec1de4b3d04572c5d5bad9b0fd6ecbd905fc7849,,b9ab3f3690b6648fe3ba2c1b75e1cb9af93b54d6f4ce9ad93867d20c2e61873d,57,0.0150822375334,model.layers.0.mlp.down_proj.weight,1,,0,57,d444685ef3228ef0f01eee77644159391f164fdf83c26382b42ed6e2b3825ef2,32832,activation_only
f05906efefe2cee8cd8652a83b7c795128abef00ec21aec6ad7dfa318a7304e9,replay,True,4e9f6c50354337c415bb8c37e3ed23736ee0af40,"[""/home/rmj/FPGA_LLM/llama2.c/build/smollm"",""replay"",""--mode"",""linear"",""--trace"",""/home/rmj/FPGA_LLM/llama2.c/traces/numerical/fp32_fp32.smtrace"",""--model"",""/home/rmj/FPGA_LLM/llama2.c/models/smollm2-f32.bin"",""--q8-model"",""/home/rmj/FPGA_LLM/llama2.c/models/smollm2-q8.bin""]",0,0.120167315006,linear,2d2367f33b1e87706b959fa8ec1de4b3d04572c5d5bad9b0fd6ecbd905fc7849,,b9ab3f3690b6648fe3ba2c1b75e1cb9af93b54d6f4ce9ad93867d20c2e61873d,57,0.0169350604896,model.layers.0.mlp.down_proj.weight,1,,0,57,d444685ef3228ef0f01eee77644159391f164fdf83c26382b42ed6e2b3825ef2,32832,w8a8
f05906efefe2cee8cd8652a83b7c795128abef00ec21aec6ad7dfa318a7304e9,replay,True,4e9f6c50354337c415bb8c37e3ed23736ee0af40,"[""/home/rmj/FPGA_LLM/llama2.c/build/smollm"",""replay"",""--mode"",""linear"",""--trace"",""/home/rmj/FPGA_LLM/llama2.c/traces/numerical/fp32_fp32.smtrace"",""--model"",""/home/rmj/FPGA_LLM/llama2.c/models/smollm2-f32.bin"",""--q8-model"",""/home/rmj/FPGA_LLM/llama2.c/models/smollm2-q8.bin""]",14,7.62939453125e-06,linear,2d2367f33b1e87706b959fa8ec1de4b3d04572c5d5bad9b0fd6ecbd905fc7849,True,b9ab3f3690b6648fe3ba2c1b75e1cb9af93b54d6f4ce9ad93867d20c2e61873d,57,3.7833942594e-07,model.layers.14.self_attn.q_proj.weight,1,0,0,57,d444685ef3228ef0f01eee77644159391f164fdf83c26382b42ed6e2b3825ef2,32832,fp32_capture
f05906efefe2cee8cd8652a83b7c795128abef00ec21aec6ad7dfa318a7304e9,replay,True,4e9f6c50354337c415bb8c37e3ed23736ee0af40,"[""/home/rmj/FPGA_LLM/llama2.c/build/smollm"",""replay"",""--mode"",""linear"",""--trace"",""/home/rmj/FPGA_LLM/llama2.c/traces/numerical/fp32_fp32.smtrace"",""--model"",""/home/rmj/FPGA_LLM/llama2.c/models/smollm2-f32.bin"",""--q8-model"",""/home/rmj/FPGA_LLM/llama2.c/models/smollm2-q8.bin""]",14,0.0784184932709,linear,2d2367f33b1e87706b959fa8ec1de4b3d04572c5d5bad9b0fd6ecbd905fc7849,,b9ab3f3690b6648fe3ba2c1b75e1cb9af93b54d6f4ce9ad93867d20c2e61873d,57,0.00953242828899,model.layers.14.self_attn.q_proj.weight,1,,0,57,d444685ef3228ef0f01eee77644159391f164fdf83c26382b42ed6e2b3825ef2,32832,weight_only
f05906efefe2cee8cd8652a83b7c795128abef00ec21aec6ad7dfa318a7304e9,replay,True,4e9f6c50354337c415bb8c37e3ed23736ee0af40,"[""/home/rmj/FPGA_LLM/llama2.c/build/smollm"",""replay"",""--mode"",""linear"",""--trace"",""/home/rmj/FPGA_LLM/llama2.c/traces/numerical/fp32_fp32.smtrace"",""--model"",""/home/rmj/FPGA_LLM/llama2.c/models/smollm2-f32.bin"",""--q8-model"",""/home/rmj/FPGA_LLM/llama2.c/models/smollm2-q8.bin""]",14,0.170491576195,linear,2d2367f33b1e87706b959fa8ec1de4b3d04572c5d5bad9b0fd6ecbd905fc7849,,b9ab3f3690b6648fe3ba2c1b75e1cb9af93b54d6f4ce9ad93867d20c2e61873d,57,0.0244441352214,model.layers.14.self_attn.q_proj.weight,1,,0,57,d444685ef3228ef0f01eee77644159391f164fdf83c26382b42ed6e2b3825ef2,32832,activation_only
f05906efefe2cee8cd8652a83b7c795128abef00ec21aec6ad7dfa318a7304e9,replay,True,4e9f6c50354337c415bb8c37e3ed23736ee0af40,"[""/home/rmj/FPGA_LLM/llama2.c/build/smollm"",""replay"",""--mode"",""linear"",""--trace"",""/home/rmj/FPGA_LLM/llama2.c/traces/numerical/fp32_fp32.smtrace"",""--model"",""/home/rmj/FPGA_LLM/llama2.c/models/smollm2-f32.bin"",""--q8-model"",""/home/rmj/FPGA_LLM/llama2.c/models/smollm2-q8.bin""]",14,0.195363044739,linear,2d2367f33b1e87706b959fa8ec1de4b3d04572c5d5bad9b0fd6ecbd905fc7849,,b9ab3f3690b6648fe3ba2c1b75e1cb9af93b54d6f4ce9ad93867d20c2e61873d,57,0.0263137108604,model.layers.14.self_attn.q_proj.weight,1,,0,57,d444685ef3228ef0f01eee77644159391f164fdf83c26382b42ed6e2b3825ef2,32832,w8a8
f05906efefe2cee8cd8652a83b7c795128abef00ec21aec6ad7dfa318a7304e9,replay,True,4e9f6c50354337c415bb8c37e3ed23736ee0af40,"[""/home/rmj/FPGA_LLM/llama2.c/build/smollm"",""replay"",""--mode"",""linear"",""--trace"",""/home/rmj/FPGA_LLM/llama2.c/traces/numerical/fp32_fp32.smtrace"",""--model"",""/home/rmj/FPGA_LLM/llama2.c/models/smollm2-f32.bin"",""--q8-model"",""/home/rmj/FPGA_LLM/llama2.c/models/smollm2-q8.bin""]",14,4.76837158203e-06,linear,2d2367f33b1e87706b959fa8ec1de4b3d04572c5d5bad9b0fd6ecbd905fc7849,True,b9ab3f3690b6648fe3ba2c1b75e1cb9af93b54d6f4ce9ad93867d20c2e61873d,57,4.3109720999e-07,model.layers.14.self_attn.k_proj.weight,1,0,0,57,d444685ef3228ef0f01eee77644159391f164fdf83c26382b42ed6e2b3825ef2,10944,fp32_capture
f05906efefe2cee8cd8652a83b7c795128abef00ec21aec6ad7dfa318a7304e9,replay,True,4e9f6c50354337c415bb8c37e3ed23736ee0af40,"[""/home/rmj/FPGA_LLM/llama2.c/build/smollm"",""replay"",""--mode"",""linear"",""--trace"",""/home/rmj/FPGA_LLM/llama2.c/traces/numerical/fp32_fp32.smtrace"",""--model"",""/home/rmj/FPGA_LLM/llama2.c/models/smollm2-f32.bin"",""--q8-model"",""/home/rmj/FPGA_LLM/llama2.c/models/smollm2-q8.bin""]",14,0.0600898265839,linear,2d2367f33b1e87706b959fa8ec1de4b3d04572c5d5bad9b0fd6ecbd905fc7849,,b9ab3f3690b6648fe3ba2c1b75e1cb9af93b54d6f4ce9ad93867d20c2e61873d,57,0.0101442854369,model.layers.14.self_attn.k_proj.weight,1,,0,57,d444685ef3228ef0f01eee77644159391f164fdf83c26382b42ed6e2b3825ef2,10944,weight_only
f05906efefe2cee8cd8652a83b7c795128abef00ec21aec6ad7dfa318a7304e9,replay,True,4e9f6c50354337c415bb8c37e3ed23736ee0af40,"[""/home/rmj/FPGA_LLM/llama2.c/build/smollm"",""replay"",""--mode"",""linear"",""--trace"",""/home/rmj/FPGA_LLM/llama2.c/traces/numerical/fp32_fp32.smtrace"",""--model"",""/home/rmj/FPGA_LLM/llama2.c/models/smollm2-f32.bin"",""--q8-model"",""/home/rmj/FPGA_LLM/llama2.c/models/smollm2-q8.bin""]",14,0.14633846283,linear,2d2367f33b1e87706b959fa8ec1de4b3d04572c5d5bad9b0fd6ecbd905fc7849,,b9ab3f3690b6648fe3ba2c1b75e1cb9af93b54d6f4ce9ad93867d20c2e61873d,57,0.0247926004865,model.layers.14.self_attn.k_proj.weight,1,,0,57,d444685ef3228ef0f01eee77644159391f164fdf83c26382b42ed6e2b3825ef2,10944,activation_only
f05906efefe2cee8cd8652a83b7c795128abef00ec21aec6ad7dfa318a7304e9,replay,True,4e9f6c50354337c415bb8c37e3ed23736ee0af40,"[""/home/rmj/FPGA_LLM/llama2.c/build/smollm"",""replay"",""--mode"",""linear"",""--trace"",""/home/rmj/FPGA_LLM/llama2.c/traces/numerical/fp32_fp32.smtrace"",""--model"",""/home/rmj/FPGA_LLM/llama2.c/models/smollm2-f32.bin"",""--q8-model"",""/home/rmj/FPGA_LLM/llama2.c/models/smollm2-q8.bin""]",14,0.176262140274,linear,2d2367f33b1e87706b959fa8ec1de4b3d04572c5d5bad9b0fd6ecbd905fc7849,,b9ab3f3690b6648fe3ba2c1b75e1cb9af93b54d6f4ce9ad93867d20c2e61873d,57,0.0268490816001,model.layers.14.self_attn.k_proj.weight,1,,0,57,d444685ef3228ef0f01eee77644159391f164fdf83c26382b42ed6e2b3825ef2,10944,w8a8
f05906efefe2cee8cd8652a83b7c795128abef00ec21aec6ad7dfa318a7304e9,replay,True,4e9f6c50354337c415bb8c37e3ed23736ee0af40,"[""/home/rmj/FPGA_LLM/llama2.c/build/smollm"",""replay"",""--mode"",""linear"",""--trace"",""/home/rmj/FPGA_LLM/llama2.c/traces/numerical/fp32_fp32.smtrace"",""--model"",""/home/rmj/FPGA_LLM/llama2.c/models/smollm2-f32.bin"",""--q8-model"",""/home/rmj/FPGA_LLM/llama2.c/models/smollm2-q8.bin""]",14,1.43051147461e-06,linear,2d2367f33b1e87706b959fa8ec1de4b3d04572c5d5bad9b0fd6ecbd905fc7849,True,b9ab3f3690b6648fe3ba2c1b75e1cb9af93b54d6f4ce9ad93867d20c2e61873d,57,2.18610268228e-07,model.layers.14.self_attn.v_proj.weight,1,0,0,57,d444685ef3228ef0f01eee77644159391f164fdf83c26382b42ed6e2b3825ef2,10944,fp32_capture
f05906efefe2cee8cd8652a83b7c795128abef00ec21aec6ad7dfa318a7304e9,replay,True,4e9f6c50354337c415bb8c37e3ed23736ee0af40,"[""/home/rmj/FPGA_LLM/llama2.c/build/smollm"",""replay"",""--mode"",""linear"",""--trace"",""/home/rmj/FPGA_LLM/llama2.c/traces/numerical/fp32_fp32.smtrace"",""--model"",""/home/rmj/FPGA_LLM/llama2.c/models/smollm2-f32.bin"",""--q8-model"",""/home/rmj/FPGA_LLM/llama2.c/models/smollm2-q8.bin""]",14,0.0337179601192,linear,2d2367f33b1e87706b959fa8ec1de4b3d04572c5d5bad9b0fd6ecbd905fc7849,,b9ab3f3690b6648fe3ba2c1b75e1cb9af93b54d6f4ce9ad93867d20c2e61873d,57,0.00964447363042,model.layers.14.self_attn.v_proj.weight,1,,1,57,d444685ef3228ef0f01eee77644159391f164fdf83c26382b42ed6e2b3825ef2,10944,weight_only
f05906efefe2cee8cd8652a83b7c795128abef00ec21aec6ad7dfa318a7304e9,replay,True,4e9f6c50354337c415bb8c37e3ed23736ee0af40,"[""/home/rmj/FPGA_LLM/llama2.c/build/smollm"",""replay"",""--mode"",""linear"",""--trace"",""/home/rmj/FPGA_LLM/llama2.c/traces/numerical/fp32_fp32.smtrace"",""--model"",""/home/rmj/FPGA_LLM/llama2.c/models/smollm2-f32.bin"",""--q8-model"",""/home/rmj/FPGA_LLM/llama2.c/models/smollm2-q8.bin""]",14,0.117147058249,linear,2d2367f33b1e87706b959fa8ec1de4b3d04572c5d5bad9b0fd6ecbd905fc7849,,b9ab3f3690b6648fe3ba2c1b75e1cb9af93b54d6f4ce9ad93867d20c2e61873d,57,0.0234202267153,model.layers.14.self_attn.v_proj.weight,1,,2,57,d444685ef3228ef0f01eee77644159391f164fdf83c26382b42ed6e2b3825ef2,10944,activation_only
f05906efefe2cee8cd8652a83b7c795128abef00ec21aec6ad7dfa318a7304e9,replay,True,4e9f6c50354337c415bb8c37e3ed23736ee0af40,"[""/home/rmj/FPGA_LLM/llama2.c/build/smollm"",""replay"",""--mode"",""linear"",""--trace"",""/home/rmj/FPGA_LLM/llama2.c/traces/numerical/fp32_fp32.smtrace"",""--model"",""/home/rmj/FPGA_LLM/llama2.c/models/smollm2-f32.bin"",""--q8-model"",""/home/rmj/FPGA_LLM/llama2.c/models/smollm2-q8.bin""]",14,0.117400228977,linear,2d2367f33b1e87706b959fa8ec1de4b3d04572c5d5bad9b0fd6ecbd905fc7849,,b9ab3f3690b6648fe3ba2c1b75e1cb9af93b54d6f4ce9ad93867d20c2e61873d,57,0.0254009686186,model.layers.14.self_attn.v_proj.weight,1,,2,57,d444685ef3228ef0f01eee77644159391f164fdf83c26382b42ed6e2b3825ef2,10944,w8a8
f05906efefe2cee8cd8652a83b7c795128abef00ec21aec6ad7dfa318a7304e9,replay,True,4e9f6c50354337c415bb8c37e3ed23736ee0af40,"[""/home/rmj/FPGA_LLM/llama2.c/build/smollm"",""replay"",""--mode"",""linear"",""--trace"",""/home/rmj/FPGA_LLM/llama2.c/traces/numerical/fp32_fp32.smtrace"",""--model"",""/home/rmj/FPGA_LLM/llama2.c/models/smollm2-f32.bin"",""--q8-model"",""/home/rmj/FPGA_LLM/llama2.c/models/smollm2-q8.bin""]",14,3.81469726562e-06,linear,2d2367f33b1e87706b959fa8ec1de4b3d04572c5d5bad9b0fd6ecbd905fc7849,True,b9ab3f3690b6648fe3ba2c1b75e1cb9af93b54d6f4ce9ad93867d20c2e61873d,57,2.52586265636e-07,model.layers.14.self_attn.o_proj.weight,1,0,0,57,d444685ef3228ef0f01eee77644159391f164fdf83c26382b42ed6e2b3825ef2,32832,fp32_capture
f05906efefe2cee8cd8652a83b7c795128abef00ec21aec6ad7dfa318a7304e9,replay,True,4e9f6c50354337c415bb8c37e3ed23736ee0af40,"[""/home/rmj/FPGA_LLM/llama2.c/build/smollm"",""replay"",""--mode"",""linear"",""--trace"",""/home/rmj/FPGA_LLM/llama2.c/traces/numerical/fp32_fp32.smtrace"",""--model"",""/home/rmj/FPGA_LLM/llama2.c/models/smollm2-f32.bin"",""--q8-model"",""/home/rmj/FPGA_LLM/llama2.c/models/smollm2-q8.bin""]",14,0.0447001457214,linear,2d2367f33b1e87706b959fa8ec1de4b3d04572c5d5bad9b0fd6ecbd905fc7849,,b9ab3f3690b6648fe3ba2c1b75e1cb9af93b54d6f4ce9ad93867d20c2e61873d,57,0.00496775303852,model.layers.14.self_attn.o_proj.weight,1,,0,57,d444685ef3228ef0f01eee77644159391f164fdf83c26382b42ed6e2b3825ef2,32832,weight_only
f05906efefe2cee8cd8652a83b7c795128abef00ec21aec6ad7dfa318a7304e9,replay,True,4e9f6c50354337c415bb8c37e3ed23736ee0af40,"[""/home/rmj/FPGA_LLM/llama2.c/build/smollm"",""replay"",""--mode"",""linear"",""--trace"",""/home/rmj/FPGA_LLM/llama2.c/traces/numerical/fp32_fp32.smtrace"",""--model"",""/home/rmj/FPGA_LLM/llama2.c/models/smollm2-f32.bin"",""--q8-model"",""/home/rmj/FPGA_LLM/llama2.c/models/smollm2-q8.bin""]",14,0.0402210950851,linear,2d2367f33b1e87706b959fa8ec1de4b3d04572c5d5bad9b0fd6ecbd905fc7849,,b9ab3f3690b6648fe3ba2c1b75e1cb9af93b54d6f4ce9ad93867d20c2e61873d,57,0.00737797049576,model.layers.14.self_attn.o_proj.weight,1,,1,57,d444685ef3228ef0f01eee77644159391f164fdf83c26382b42ed6e2b3825ef2,32832,activation_only
f05906efefe2cee8cd8652a83b7c795128abef00ec21aec6ad7dfa318a7304e9,replay,True,4e9f6c50354337c415bb8c37e3ed23736ee0af40,"[""/home/rmj/FPGA_LLM/llama2.c/build/smollm"",""replay"",""--mode"",""linear"",""--trace"",""/home/rmj/FPGA_LLM/llama2.c/traces/numerical/fp32_fp32.smtrace"",""--model"",""/home/rmj/FPGA_LLM/llama2.c/models/smollm2-f32.bin"",""--q8-model"",""/home/rmj/FPGA_LLM/llama2.c/models/smollm2-q8.bin""]",14,0.0541112422943,linear,2d2367f33b1e87706b959fa8ec1de4b3d04572c5d5bad9b0fd6ecbd905fc7849,,b9ab3f3690b6648fe3ba2c1b75e1cb9af93b54d6f4ce9ad93867d20c2e61873d,57,0.00887248892272,model.layers.14.self_attn.o_proj.weight,1,,1,57,d444685ef3228ef0f01eee77644159391f164fdf83c26382b42ed6e2b3825ef2,32832,w8a8
f05906efefe2cee8cd8652a83b7c795128abef00ec21aec6ad7dfa318a7304e9,replay,True,4e9f6c50354337c415bb8c37e3ed23736ee0af40,"[""/home/rmj/FPGA_LLM/llama2.c/build/smollm"",""replay"",""--mode"",""linear"",""--trace"",""/home/rmj/FPGA_LLM/llama2.c/traces/numerical/fp32_fp32.smtrace"",""--model"",""/home/rmj/FPGA_LLM/llama2.c/models/smollm2-f32.bin"",""--q8-model"",""/home/rmj/FPGA_LLM/llama2.c/models/smollm2-q8.bin""]",14,2.86102294922e-06,linear,2d2367f33b1e87706b959fa8ec1de4b3d04572c5d5bad9b0fd6ecbd905fc7849,True,b9ab3f3690b6648fe3ba2c1b75e1cb9af93b54d6f4ce9ad93867d20c2e61873d,57,2.04859208123e-07,model.layers.14.mlp.gate_proj.weight,1,0,0,57,d444685ef3228ef0f01eee77644159391f164fdf83c26382b42ed6e2b3825ef2,87552,fp32_capture
f05906efefe2cee8cd8652a83b7c795128abef00ec21aec6ad7dfa318a7304e9,replay,True,4e9f6c50354337c415bb8c37e3ed23736ee0af40,"[""/home/rmj/FPGA_LLM/llama2.c/build/smollm"",""replay"",""--mode"",""linear"",""--trace"",""/home/rmj/FPGA_LLM/llama2.c/traces/numerical/fp32_fp32.smtrace"",""--model"",""/home/rmj/FPGA_LLM/llama2.c/models/smollm2-f32.bin"",""--q8-model"",""/home/rmj/FPGA_LLM/llama2.c/models/smollm2-q8.bin""]",14,0.0336931049824,linear,2d2367f33b1e87706b959fa8ec1de4b3d04572c5d5bad9b0fd6ecbd905fc7849,,b9ab3f3690b6648fe3ba2c1b75e1cb9af93b54d6f4ce9ad93867d20c2e61873d,57,0.00368425364829,model.layers.14.mlp.gate_proj.weight,1,,2,57,d444685ef3228ef0f01eee77644159391f164fdf83c26382b42ed6e2b3825ef2,87552,weight_only
f05906efefe2cee8cd8652a83b7c795128abef00ec21aec6ad7dfa318a7304e9,replay,True,4e9f6c50354337c415bb8c37e3ed23736ee0af40,"[""/home/rmj/FPGA_LLM/llama2.c/build/smollm"",""replay"",""--mode"",""linear"",""--trace"",""/home/rmj/FPGA_LLM/llama2.c/traces/numerical/fp32_fp32.smtrace"",""--model"",""/home/rmj/FPGA_LLM/llama2.c/models/smollm2-f32.bin"",""--q8-model"",""/home/rmj/FPGA_LLM/llama2.c/models/smollm2-q8.bin""]",14,0.0772454738617,linear,2d2367f33b1e87706b959fa8ec1de4b3d04572c5d5bad9b0fd6ecbd905fc7849,,b9ab3f3690b6648fe3ba2c1b75e1cb9af93b54d6f4ce9ad93867d20c2e61873d,57,0.0070576200782,model.layers.14.mlp.gate_proj.weight,1,,2,57,d444685ef3228ef0f01eee77644159391f164fdf83c26382b42ed6e2b3825ef2,87552,activation_only
f05906efefe2cee8cd8652a83b7c795128abef00ec21aec6ad7dfa318a7304e9,replay,True,4e9f6c50354337c415bb8c37e3ed23736ee0af40,"[""/home/rmj/FPGA_LLM/llama2.c/build/smollm"",""replay"",""--mode"",""linear"",""--trace"",""/home/rmj/FPGA_LLM/llama2.c/traces/numerical/fp32_fp32.smtrace"",""--model"",""/home/rmj/FPGA_LLM/llama2.c/models/smollm2-f32.bin"",""--q8-model"",""/home/rmj/FPGA_LLM/llama2.c/models/smollm2-q8.bin""]",14,0.0834460258484,linear,2d2367f33b1e87706b959fa8ec1de4b3d04572c5d5bad9b0fd6ecbd905fc7849,,b9ab3f3690b6648fe3ba2c1b75e1cb9af93b54d6f4ce9ad93867d20c2e61873d,57,0.00796283123035,model.layers.14.mlp.gate_proj.weight,1,,2,57,d444685ef3228ef0f01eee77644159391f164fdf83c26382b42ed6e2b3825ef2,87552,w8a8
f05906efefe2cee8cd8652a83b7c795128abef00ec21aec6ad7dfa318a7304e9,replay,True,4e9f6c50354337c415bb8c37e3ed23736ee0af40,"[""/home/rmj/FPGA_LLM/llama2.c/build/smollm"",""replay"",""--mode"",""linear"",""--trace"",""/home/rmj/FPGA_LLM/llama2.c/traces/numerical/fp32_fp32.smtrace"",""--model"",""/home/rmj/FPGA_LLM/llama2.c/models/smollm2-f32.bin"",""--q8-model"",""/home/rmj/FPGA_LLM/llama2.c/models/smollm2-q8.bin""]",14,1.90734863281e-06,linear,2d2367f33b1e87706b959fa8ec1de4b3d04572c5d5bad9b0fd6ecbd905fc7849,True,b9ab3f3690b6648fe3ba2c1b75e1cb9af93b54d6f4ce9ad93867d20c2e61873d,57,1.77580342483e-07,model.layers.14.mlp.up_proj.weight,1,0,0,57,d444685ef3228ef0f01eee77644159391f164fdf83c26382b42ed6e2b3825ef2,87552,fp32_capture
f05906efefe2cee8cd8652a83b7c795128abef00ec21aec6ad7dfa318a7304e9,replay,True,4e9f6c50354337c415bb8c37e3ed23736ee0af40,"[""/home/rmj/FPGA_LLM/llama2.c/build/smollm"",""replay"",""--mode"",""linear"",""--trace"",""/home/rmj/FPGA_LLM/llama2.c/traces/numerical/fp32_fp32.smtrace"",""--model"",""/home/rmj/FPGA_LLM/llama2.c/models/smollm2-f32.bin"",""--q8-model"",""/home/rmj/FPGA_LLM/llama2.c/models/smollm2-q8.bin""]",14,0.0214161872864,linear,2d2367f33b1e87706b959fa8ec1de4b3d04572c5d5bad9b0fd6ecbd905fc7849,,b9ab3f3690b6648fe3ba2c1b75e1cb9af93b54d6f4ce9ad93867d20c2e61873d,57,0.00384267922279,model.layers.14.mlp.up_proj.weight,1,,1,57,d444685ef3228ef0f01eee77644159391f164fdf83c26382b42ed6e2b3825ef2,87552,weight_only
f05906efefe2cee8cd8652a83b7c795128abef00ec21aec6ad7dfa318a7304e9,replay,True,4e9f6c50354337c415bb8c37e3ed23736ee0af40,"[""/home/rmj/FPGA_LLM/llama2.c/build/smollm"",""replay"",""--mode"",""linear"",""--trace"",""/home/rmj/FPGA_LLM/llama2.c/traces/numerical/fp32_fp32.smtrace"",""--model"",""/home/rmj/FPGA_LLM/llama2.c/models/smollm2-f32.bin"",""--q8-model"",""/home/rmj/FPGA_LLM/llama2.c/models/smollm2-q8.bin""]",14,0.0411536097527,linear,2d2367f33b1e87706b959fa8ec1de4b3d04572c5d5bad9b0fd6ecbd905fc7849,,b9ab3f3690b6648fe3ba2c1b75e1cb9af93b54d6f4ce9ad93867d20c2e61873d,57,0.00731864680895,model.layers.14.mlp.up_proj.weight,1,,0,57,d444685ef3228ef0f01eee77644159391f164fdf83c26382b42ed6e2b3825ef2,87552,activation_only
f05906efefe2cee8cd8652a83b7c795128abef00ec21aec6ad7dfa318a7304e9,replay,True,4e9f6c50354337c415bb8c37e3ed23736ee0af40,"[""/home/rmj/FPGA_LLM/llama2.c/build/smollm"",""replay"",""--mode"",""linear"",""--trace"",""/home/rmj/FPGA_LLM/llama2.c/traces/numerical/fp32_fp32.smtrace"",""--model"",""/home/rmj/FPGA_LLM/llama2.c/models/smollm2-f32.bin"",""--q8-model"",""/home/rmj/FPGA_LLM/llama2.c/models/smollm2-q8.bin""]",14,0.0500365495682,linear,2d2367f33b1e87706b959fa8ec1de4b3d04572c5d5bad9b0fd6ecbd905fc7849,,b9ab3f3690b6648fe3ba2c1b75e1cb9af93b54d6f4ce9ad93867d20c2e61873d,57,0.0082614608675,model.layers.14.mlp.up_proj.weight,1,,0,57,d444685ef3228ef0f01eee77644159391f164fdf83c26382b42ed6e2b3825ef2,87552,w8a8
f05906efefe2cee8cd8652a83b7c795128abef00ec21aec6ad7dfa318a7304e9,replay,True,4e9f6c50354337c415bb8c37e3ed23736ee0af40,"[""/home/rmj/FPGA_LLM/llama2.c/build/smollm"",""replay"",""--mode"",""linear"",""--trace"",""/home/rmj/FPGA_LLM/llama2.c/traces/numerical/fp32_fp32.smtrace"",""--model"",""/home/rmj/FPGA_LLM/llama2.c/models/smollm2-f32.bin"",""--q8-model"",""/home/rmj/FPGA_LLM/llama2.c/models/smollm2-q8.bin""]",14,7.62939453125e-06,linear,2d2367f33b1e87706b959fa8ec1de4b3d04572c5d5bad9b0fd6ecbd905fc7849,True,b9ab3f3690b6648fe3ba2c1b75e1cb9af93b54d6f4ce9ad93867d20c2e61873d,57,4.63431263342e-07,model.layers.14.mlp.down_proj.weight,1,0,0,57,d444685ef3228ef0f01eee77644159391f164fdf83c26382b42ed6e2b3825ef2,32832,fp32_capture
f05906efefe2cee8cd8652a83b7c795128abef00ec21aec6ad7dfa318a7304e9,replay,True,4e9f6c50354337c415bb8c37e3ed23736ee0af40,"[""/home/rmj/FPGA_LLM/llama2.c/build/smollm"",""replay"",""--mode"",""linear"",""--trace"",""/home/rmj/FPGA_LLM/llama2.c/traces/numerical/fp32_fp32.smtrace"",""--model"",""/home/rmj/FPGA_LLM/llama2.c/models/smollm2-f32.bin"",""--q8-model"",""/home/rmj/FPGA_LLM/llama2.c/models/smollm2-q8.bin""]",14,0.0812652111053,linear,2d2367f33b1e87706b959fa8ec1de4b3d04572c5d5bad9b0fd6ecbd905fc7849,,b9ab3f3690b6648fe3ba2c1b75e1cb9af93b54d6f4ce9ad93867d20c2e61873d,57,0.00783898719336,model.layers.14.mlp.down_proj.weight,1,,1,57,d444685ef3228ef0f01eee77644159391f164fdf83c26382b42ed6e2b3825ef2,32832,weight_only
f05906efefe2cee8cd8652a83b7c795128abef00ec21aec6ad7dfa318a7304e9,replay,True,4e9f6c50354337c415bb8c37e3ed23736ee0af40,"[""/home/rmj/FPGA_LLM/llama2.c/build/smollm"",""replay"",""--mode"",""linear"",""--trace"",""/home/rmj/FPGA_LLM/llama2.c/traces/numerical/fp32_fp32.smtrace"",""--model"",""/home/rmj/FPGA_LLM/llama2.c/models/smollm2-f32.bin"",""--q8-model"",""/home/rmj/FPGA_LLM/llama2.c/models/smollm2-q8.bin""]",14,0.0868511199951,linear,2d2367f33b1e87706b959fa8ec1de4b3d04572c5d5bad9b0fd6ecbd905fc7849,,b9ab3f3690b6648fe3ba2c1b75e1cb9af93b54d6f4ce9ad93867d20c2e61873d,57,0.0133509902516,model.layers.14.mlp.down_proj.weight,1,,0,57,d444685ef3228ef0f01eee77644159391f164fdf83c26382b42ed6e2b3825ef2,32832,activation_only
f05906efefe2cee8cd8652a83b7c795128abef00ec21aec6ad7dfa318a7304e9,replay,True,4e9f6c50354337c415bb8c37e3ed23736ee0af40,"[""/home/rmj/FPGA_LLM/llama2.c/build/smollm"",""replay"",""--mode"",""linear"",""--trace"",""/home/rmj/FPGA_LLM/llama2.c/traces/numerical/fp32_fp32.smtrace"",""--model"",""/home/rmj/FPGA_LLM/llama2.c/models/smollm2-f32.bin"",""--q8-model"",""/home/rmj/FPGA_LLM/llama2.c/models/smollm2-q8.bin""]",14,0.134527206421,linear,2d2367f33b1e87706b959fa8ec1de4b3d04572c5d5bad9b0fd6ecbd905fc7849,,b9ab3f3690b6648fe3ba2c1b75e1cb9af93b54d6f4ce9ad93867d20c2e61873d,57,0.0154620180706,model.layers.14.mlp.down_proj.weight,1,,1,57,d444685ef3228ef0f01eee77644159391f164fdf83c26382b42ed6e2b3825ef2,32832,w8a8
f05906efefe2cee8cd8652a83b7c795128abef00ec21aec6ad7dfa318a7304e9,replay,True,4e9f6c50354337c415bb8c37e3ed23736ee0af40,"[""/home/rmj/FPGA_LLM/llama2.c/build/smollm"",""replay"",""--mode"",""linear"",""--trace"",""/home/rmj/FPGA_LLM/llama2.c/traces/numerical/fp32_fp32.smtrace"",""--model"",""/home/rmj/FPGA_LLM/llama2.c/models/smollm2-f32.bin"",""--q8-model"",""/home/rmj/FPGA_LLM/llama2.c/models/smollm2-q8.bin""]",29,1.04904174805e-05,linear,2d2367f33b1e87706b959fa8ec1de4b3d04572c5d5bad9b0fd6ecbd905fc7849,True,b9ab3f3690b6648fe3ba2c1b75e1cb9af93b54d6f4ce9ad93867d20c2e61873d,57,6.18306927614e-07,model.layers.29.self_attn.q_proj.weight,1,0,0,57,d444685ef3228ef0f01eee77644159391f164fdf83c26382b42ed6e2b3825ef2,32832,fp32_capture
f05906efefe2cee8cd8652a83b7c795128abef00ec21aec6ad7dfa318a7304e9,replay,True,4e9f6c50354337c415bb8c37e3ed23736ee0af40,"[""/home/rmj/FPGA_LLM/llama2.c/build/smollm"",""replay"",""--mode"",""linear"",""--trace"",""/home/rmj/FPGA_LLM/llama2.c/traces/numerical/fp32_fp32.smtrace"",""--model"",""/home/rmj/FPGA_LLM/llama2.c/models/smollm2-f32.bin"",""--q8-model"",""/home/rmj/FPGA_LLM/llama2.c/models/smollm2-q8.bin""]",29,0.0942630767822,linear,2d2367f33b1e87706b959fa8ec1de4b3d04572c5d5bad9b0fd6ecbd905fc7849,,b9ab3f3690b6648fe3ba2c1b75e1cb9af93b54d6f4ce9ad93867d20c2e61873d,57,0.00906627488268,model.layers.29.self_attn.q_proj.weight,1,,1,57,d444685ef3228ef0f01eee77644159391f164fdf83c26382b42ed6e2b3825ef2,32832,weight_only
f05906efefe2cee8cd8652a83b7c795128abef00ec21aec6ad7dfa318a7304e9,replay,True,4e9f6c50354337c415bb8c37e3ed23736ee0af40,"[""/home/rmj/FPGA_LLM/llama2.c/build/smollm"",""replay"",""--mode"",""linear"",""--trace"",""/home/rmj/FPGA_LLM/llama2.c/traces/numerical/fp32_fp32.smtrace"",""--model"",""/home/rmj/FPGA_LLM/llama2.c/models/smollm2-f32.bin"",""--q8-model"",""/home/rmj/FPGA_LLM/llama2.c/models/smollm2-q8.bin""]",29,0.120795249939,linear,2d2367f33b1e87706b959fa8ec1de4b3d04572c5d5bad9b0fd6ecbd905fc7849,,b9ab3f3690b6648fe3ba2c1b75e1cb9af93b54d6f4ce9ad93867d20c2e61873d,57,0.0202106958702,model.layers.29.self_attn.q_proj.weight,1,,0,57,d444685ef3228ef0f01eee77644159391f164fdf83c26382b42ed6e2b3825ef2,32832,activation_only
f05906efefe2cee8cd8652a83b7c795128abef00ec21aec6ad7dfa318a7304e9,replay,True,4e9f6c50354337c415bb8c37e3ed23736ee0af40,"[""/home/rmj/FPGA_LLM/llama2.c/build/smollm"",""replay"",""--mode"",""linear"",""--trace"",""/home/rmj/FPGA_LLM/llama2.c/traces/numerical/fp32_fp32.smtrace"",""--model"",""/home/rmj/FPGA_LLM/llama2.c/models/smollm2-f32.bin"",""--q8-model"",""/home/rmj/FPGA_LLM/llama2.c/models/smollm2-q8.bin""]",29,0.204556465149,linear,2d2367f33b1e87706b959fa8ec1de4b3d04572c5d5bad9b0fd6ecbd905fc7849,,b9ab3f3690b6648fe3ba2c1b75e1cb9af93b54d6f4ce9ad93867d20c2e61873d,57,0.0221607223043,model.layers.29.self_attn.q_proj.weight,1,,1,57,d444685ef3228ef0f01eee77644159391f164fdf83c26382b42ed6e2b3825ef2,32832,w8a8
f05906efefe2cee8cd8652a83b7c795128abef00ec21aec6ad7dfa318a7304e9,replay,True,4e9f6c50354337c415bb8c37e3ed23736ee0af40,"[""/home/rmj/FPGA_LLM/llama2.c/build/smollm"",""replay"",""--mode"",""linear"",""--trace"",""/home/rmj/FPGA_LLM/llama2.c/traces/numerical/fp32_fp32.smtrace"",""--model"",""/home/rmj/FPGA_LLM/llama2.c/models/smollm2-f32.bin"",""--q8-model"",""/home/rmj/FPGA_LLM/llama2.c/models/smollm2-q8.bin""]",29,1.04904174805e-05,linear,2d2367f33b1e87706b959fa8ec1de4b3d04572c5d5bad9b0fd6ecbd905fc7849,True,b9ab3f3690b6648fe3ba2c1b75e1cb9af93b54d6f4ce9ad93867d20c2e61873d,57,5.74659994416e-07,model.layers.29.self_attn.k_proj.weight,1,0,0,57,d444685ef3228ef0f01eee77644159391f164fdf83c26382b42ed6e2b3825ef2,10944,fp32_capture
f05906efefe2cee8cd8652a83b7c795128abef00ec21aec6ad7dfa318a7304e9,replay,True,4e9f6c50354337c415bb8c37e3ed23736ee0af40,"[""/home/rmj/FPGA_LLM/llama2.c/build/smollm"",""replay"",""--mode"",""linear"",""--trace"",""/home/rmj/FPGA_LLM/llama2.c/traces/numerical/fp32_fp32.smtrace"",""--model"",""/home/rmj/FPGA_LLM/llama2.c/models/smollm2-f32.bin"",""--q8-model"",""/home/rmj/FPGA_LLM/llama2.c/models/smollm2-q8.bin""]",29,0.0380823612213,linear,2d2367f33b1e87706b959fa8ec1de4b3d04572c5d5bad9b0fd6ecbd905fc7849,,b9ab3f3690b6648fe3ba2c1b75e1cb9af93b54d6f4ce9ad93867d20c2e61873d,57,0.00736392670469,model.layers.29.self_attn.k_proj.weight,1,,0,57,d444685ef3228ef0f01eee77644159391f164fdf83c26382b42ed6e2b3825ef2,10944,weight_only
f05906efefe2cee8cd8652a83b7c795128abef00ec21aec6ad7dfa318a7304e9,replay,True,4e9f6c50354337c415bb8c37e3ed23736ee0af40,"[""/home/rmj/FPGA_LLM/llama2.c/build/smollm"",""replay"",""--mode"",""linear"",""--trace"",""/home/rmj/FPGA_LLM/llama2.c/traces/numerical/fp32_fp32.smtrace"",""--model"",""/home/rmj/FPGA_LLM/llama2.c/models/smollm2-f32.bin"",""--q8-model"",""/home/rmj/FPGA_LLM/llama2.c/models/smollm2-q8.bin""]",29,0.11499106884,linear,2d2367f33b1e87706b959fa8ec1de4b3d04572c5d5bad9b0fd6ecbd905fc7849,,b9ab3f3690b6648fe3ba2c1b75e1cb9af93b54d6f4ce9ad93867d20c2e61873d,57,0.0177763265041,model.layers.29.self_attn.k_proj.weight,1,,0,57,d444685ef3228ef0f01eee77644159391f164fdf83c26382b42ed6e2b3825ef2,10944,activation_only
f05906efefe2cee8cd8652a83b7c795128abef00ec21aec6ad7dfa318a7304e9,replay,True,4e9f6c50354337c415bb8c37e3ed23736ee0af40,"[""/home/rmj/FPGA_LLM/llama2.c/build/smollm"",""replay"",""--mode"",""linear"",""--trace"",""/home/rmj/FPGA_LLM/llama2.c/traces/numerical/fp32_fp32.smtrace"",""--model"",""/home/rmj/FPGA_LLM/llama2.c/models/smollm2-f32.bin"",""--q8-model"",""/home/rmj/FPGA_LLM/llama2.c/models/smollm2-q8.bin""]",29,0.105087399483,linear,2d2367f33b1e87706b959fa8ec1de4b3d04572c5d5bad9b0fd6ecbd905fc7849,,b9ab3f3690b6648fe3ba2c1b75e1cb9af93b54d6f4ce9ad93867d20c2e61873d,57,0.0191522070601,model.layers.29.self_attn.k_proj.weight,1,,0,57,d444685ef3228ef0f01eee77644159391f164fdf83c26382b42ed6e2b3825ef2,10944,w8a8
f05906efefe2cee8cd8652a83b7c795128abef00ec21aec6ad7dfa318a7304e9,replay,True,4e9f6c50354337c415bb8c37e3ed23736ee0af40,"[""/home/rmj/FPGA_LLM/llama2.c/build/smollm"",""replay"",""--mode"",""linear"",""--trace"",""/home/rmj/FPGA_LLM/llama2.c/traces/numerical/fp32_fp32.smtrace"",""--model"",""/home/rmj/FPGA_LLM/llama2.c/models/smollm2-f32.bin"",""--q8-model"",""/home/rmj/FPGA_LLM/llama2.c/models/smollm2-q8.bin""]",29,3.33786010742e-06,linear,2d2367f33b1e87706b959fa8ec1de4b3d04572c5d5bad9b0fd6ecbd905fc7849,True,b9ab3f3690b6648fe3ba2c1b75e1cb9af93b54d6f4ce9ad93867d20c2e61873d,57,4.67897770115e-07,model.layers.29.self_attn.v_proj.weight,1,0,0,57,d444685ef3228ef0f01eee77644159391f164fdf83c26382b42ed6e2b3825ef2,10944,fp32_capture
f05906efefe2cee8cd8652a83b7c795128abef00ec21aec6ad7dfa318a7304e9,replay,True,4e9f6c50354337c415bb8c37e3ed23736ee0af40,"[""/home/rmj/FPGA_LLM/llama2.c/build/smollm"",""replay"",""--mode"",""linear"",""--trace"",""/home/rmj/FPGA_LLM/llama2.c/traces/numerical/fp32_fp32.smtrace"",""--model"",""/home/rmj/FPGA_LLM/llama2.c/models/smollm2-f32.bin"",""--q8-model"",""/home/rmj/FPGA_LLM/llama2.c/models/smollm2-q8.bin""]",29,0.063462972641,linear,2d2367f33b1e87706b959fa8ec1de4b3d04572c5d5bad9b0fd6ecbd905fc7849,,b9ab3f3690b6648fe3ba2c1b75e1cb9af93b54d6f4ce9ad93867d20c2e61873d,57,0.0171013523095,model.layers.29.self_attn.v_proj.weight,1,,2,57,d444685ef3228ef0f01eee77644159391f164fdf83c26382b42ed6e2b3825ef2,10944,weight_only
f05906efefe2cee8cd8652a83b7c795128abef00ec21aec6ad7dfa318a7304e9,replay,True,4e9f6c50354337c415bb8c37e3ed23736ee0af40,"[""/home/rmj/FPGA_LLM/llama2.c/build/smollm"",""replay"",""--mode"",""linear"",""--trace"",""/home/rmj/FPGA_LLM/llama2.c/traces/numerical/fp32_fp32.smtrace"",""--model"",""/home/rmj/FPGA_LLM/llama2.c/models/smollm2-f32.bin"",""--q8-model"",""/home/rmj/FPGA_LLM/llama2.c/models/smollm2-q8.bin""]",29,0.162389278412,linear,2d2367f33b1e87706b959fa8ec1de4b3d04572c5d5bad9b0fd6ecbd905fc7849,,b9ab3f3690b6648fe3ba2c1b75e1cb9af93b54d6f4ce9ad93867d20c2e61873d,57,0.0380550673954,model.layers.29.self_attn.v_proj.weight,1,,3,57,d444685ef3228ef0f01eee77644159391f164fdf83c26382b42ed6e2b3825ef2,10944,activation_only
f05906efefe2cee8cd8652a83b7c795128abef00ec21aec6ad7dfa318a7304e9,replay,True,4e9f6c50354337c415bb8c37e3ed23736ee0af40,"[""/home/rmj/FPGA_LLM/llama2.c/build/smollm"",""replay"",""--mode"",""linear"",""--trace"",""/home/rmj/FPGA_LLM/llama2.c/traces/numerical/fp32_fp32.smtrace"",""--model"",""/home/rmj/FPGA_LLM/llama2.c/models/smollm2-f32.bin"",""--q8-model"",""/home/rmj/FPGA_LLM/llama2.c/models/smollm2-q8.bin""]",29,0.198202162981,linear,2d2367f33b1e87706b959fa8ec1de4b3d04572c5d5bad9b0fd6ecbd905fc7849,,b9ab3f3690b6648fe3ba2c1b75e1cb9af93b54d6f4ce9ad93867d20c2e61873d,57,0.0416458257407,model.layers.29.self_attn.v_proj.weight,1,,4,57,d444685ef3228ef0f01eee77644159391f164fdf83c26382b42ed6e2b3825ef2,10944,w8a8
f05906efefe2cee8cd8652a83b7c795128abef00ec21aec6ad7dfa318a7304e9,replay,True,4e9f6c50354337c415bb8c37e3ed23736ee0af40,"[""/home/rmj/FPGA_LLM/llama2.c/build/smollm"",""replay"",""--mode"",""linear"",""--trace"",""/home/rmj/FPGA_LLM/llama2.c/traces/numerical/fp32_fp32.smtrace"",""--model"",""/home/rmj/FPGA_LLM/llama2.c/models/smollm2-f32.bin"",""--q8-model"",""/home/rmj/FPGA_LLM/llama2.c/models/smollm2-q8.bin""]",29,1.90734863281e-05,linear,2d2367f33b1e87706b959fa8ec1de4b3d04572c5d5bad9b0fd6ecbd905fc7849,True,b9ab3f3690b6648fe3ba2c1b75e1cb9af93b54d6f4ce9ad93867d20c2e61873d,57,1.00732695479e-06,model.layers.29.self_attn.o_proj.weight,1,0,0,57,d444685ef3228ef0f01eee77644159391f164fdf83c26382b42ed6e2b3825ef2,32832,fp32_capture
f05906efefe2cee8cd8652a83b7c795128abef00ec21aec6ad7dfa318a7304e9,replay,True,4e9f6c50354337c415bb8c37e3ed23736ee0af40,"[""/home/rmj/FPGA_LLM/llama2.c/build/smollm"",""replay"",""--mode"",""linear"",""--trace"",""/home/rmj/FPGA_LLM/llama2.c/traces/numerical/fp32_fp32.smtrace"",""--model"",""/home/rmj/FPGA_LLM/llama2.c/models/smollm2-f32.bin"",""--q8-model"",""/home/rmj/FPGA_LLM/llama2.c/models/smollm2-q8.bin""]",29,0.179786682129,linear,2d2367f33b1e87706b959fa8ec1de4b3d04572c5d5bad9b0fd6ecbd905fc7849,,b9ab3f3690b6648fe3ba2c1b75e1cb9af93b54d6f4ce9ad93867d20c2e61873d,57,0.0177048297718,model.layers.29.self_attn.o_proj.weight,1,,0,57,d444685ef3228ef0f01eee77644159391f164fdf83c26382b42ed6e2b3825ef2,32832,weight_only
f05906efefe2cee8cd8652a83b7c795128abef00ec21aec6ad7dfa318a7304e9,replay,True,4e9f6c50354337c415bb8c37e3ed23736ee0af40,"[""/home/rmj/FPGA_LLM/llama2.c/build/smollm"",""replay"",""--mode"",""linear"",""--trace"",""/home/rmj/FPGA_LLM/llama2.c/traces/numerical/fp32_fp32.smtrace"",""--model"",""/home/rmj/FPGA_LLM/llama2.c/models/smollm2-f32.bin"",""--q8-model"",""/home/rmj/FPGA_LLM/llama2.c/models/smollm2-q8.bin""]",29,0.424217224121,linear,2d2367f33b1e87706b959fa8ec1de4b3d04572c5d5bad9b0fd6ecbd905fc7849,,b9ab3f3690b6648fe3ba2c1b75e1cb9af93b54d6f4ce9ad93867d20c2e61873d,57,0.0269614129023,model.layers.29.self_attn.o_proj.weight,1,,0,57,d444685ef3228ef0f01eee77644159391f164fdf83c26382b42ed6e2b3825ef2,32832,activation_only
f05906efefe2cee8cd8652a83b7c795128abef00ec21aec6ad7dfa318a7304e9,replay,True,4e9f6c50354337c415bb8c37e3ed23736ee0af40,"[""/home/rmj/FPGA_LLM/llama2.c/build/smollm"",""replay"",""--mode"",""linear"",""--trace"",""/home/rmj/FPGA_LLM/llama2.c/traces/numerical/fp32_fp32.smtrace"",""--model"",""/home/rmj/FPGA_LLM/llama2.c/models/smollm2-f32.bin"",""--q8-model"",""/home/rmj/FPGA_LLM/llama2.c/models/smollm2-q8.bin""]",29,0.423725128174,linear,2d2367f33b1e87706b959fa8ec1de4b3d04572c5d5bad9b0fd6ecbd905fc7849,,b9ab3f3690b6648fe3ba2c1b75e1cb9af93b54d6f4ce9ad93867d20c2e61873d,57,0.0323110613111,model.layers.29.self_attn.o_proj.weight,1,,0,57,d444685ef3228ef0f01eee77644159391f164fdf83c26382b42ed6e2b3825ef2,32832,w8a8
f05906efefe2cee8cd8652a83b7c795128abef00ec21aec6ad7dfa318a7304e9,replay,True,4e9f6c50354337c415bb8c37e3ed23736ee0af40,"[""/home/rmj/FPGA_LLM/llama2.c/build/smollm"",""replay"",""--mode"",""linear"",""--trace"",""/home/rmj/FPGA_LLM/llama2.c/traces/numerical/fp32_fp32.smtrace"",""--model"",""/home/rmj/FPGA_LLM/llama2.c/models/smollm2-f32.bin"",""--q8-model"",""/home/rmj/FPGA_LLM/llama2.c/models/smollm2-q8.bin""]",29,1.90734863281e-05,linear,2d2367f33b1e87706b959fa8ec1de4b3d04572c5d5bad9b0fd6ecbd905fc7849,True,b9ab3f3690b6648fe3ba2c1b75e1cb9af93b54d6f4ce9ad93867d20c2e61873d,57,6.53748422651e-07,model.layers.29.mlp.gate_proj.weight,1,0,0,57,d444685ef3228ef0f01eee77644159391f164fdf83c26382b42ed6e2b3825ef2,87552,fp32_capture
f05906efefe2cee8cd8652a83b7c795128abef00ec21aec6ad7dfa318a7304e9,replay,True,4e9f6c50354337c415bb8c37e3ed23736ee0af40,"[""/home/rmj/FPGA_LLM/llama2.c/build/smollm"",""replay"",""--mode"",""linear"",""--trace"",""/home/rmj/FPGA_LLM/llama2.c/traces/numerical/fp32_fp32.smtrace"",""--model"",""/home/rmj/FPGA_LLM/llama2.c/models/smollm2-f32.bin"",""--q8-model"",""/home/rmj/FPGA_LLM/llama2.c/models/smollm2-q8.bin""]",29,0.110455513,linear,2d2367f33b1e87706b959fa8ec1de4b3d04572c5d5bad9b0fd6ecbd905fc7849,,b9ab3f3690b6648fe3ba2c1b75e1cb9af93b54d6f4ce9ad93867d20c2e61873d,57,0.0108312923873,model.layers.29.mlp.gate_proj.weight,1,,3,57,d444685ef3228ef0f01eee77644159391f164fdf83c26382b42ed6e2b3825ef2,87552,weight_only
f05906efefe2cee8cd8652a83b7c795128abef00ec21aec6ad7dfa318a7304e9,replay,True,4e9f6c50354337c415bb8c37e3ed23736ee0af40,"[""/home/rmj/FPGA_LLM/llama2.c/build/smollm"",""replay"",""--mode"",""linear"",""--trace"",""/home/rmj/FPGA_LLM/llama2.c/traces/numerical/fp32_fp32.smtrace"",""--model"",""/home/rmj/FPGA_LLM/llama2.c/models/smollm2-f32.bin"",""--q8-model"",""/home/rmj/FPGA_LLM/llama2.c/models/smollm2-q8.bin""]",29,0.242972373962,linear,2d2367f33b1e87706b959fa8ec1de4b3d04572c5d5bad9b0fd6ecbd905fc7849,,b9ab3f3690b6648fe3ba2c1b75e1cb9af93b54d6f4ce9ad93867d20c2e61873d,57,0.0279335367071,model.layers.29.mlp.gate_proj.weight,1,,1,57,d444685ef3228ef0f01eee77644159391f164fdf83c26382b42ed6e2b3825ef2,87552,activation_only
f05906efefe2cee8cd8652a83b7c795128abef00ec21aec6ad7dfa318a7304e9,replay,True,4e9f6c50354337c415bb8c37e3ed23736ee0af40,"[""/home/rmj/FPGA_LLM/llama2.c/build/smollm"",""replay"",""--mode"",""linear"",""--trace"",""/home/rmj/FPGA_LLM/llama2.c/traces/numerical/fp32_fp32.smtrace"",""--model"",""/home/rmj/FPGA_LLM/llama2.c/models/smollm2-f32.bin"",""--q8-model"",""/home/rmj/FPGA_LLM/llama2.c/models/smollm2-q8.bin""]",29,0.286977946758,linear,2d2367f33b1e87706b959fa8ec1de4b3d04572c5d5bad9b0fd6ecbd905fc7849,,b9ab3f3690b6648fe3ba2c1b75e1cb9af93b54d6f4ce9ad93867d20c2e61873d,57,0.0299818490002,model.layers.29.mlp.gate_proj.weight,1,,2,57,d444685ef3228ef0f01eee77644159391f164fdf83c26382b42ed6e2b3825ef2,87552,w8a8
f05906efefe2cee8cd8652a83b7c795128abef00ec21aec6ad7dfa318a7304e9,replay,True,4e9f6c50354337c415bb8c37e3ed23736ee0af40,"[""/home/rmj/FPGA_LLM/llama2.c/build/smollm"",""replay"",""--mode"",""linear"",""--trace"",""/home/rmj/FPGA_LLM/llama2.c/traces/numerical/fp32_fp32.smtrace"",""--model"",""/home/rmj/FPGA_LLM/llama2.c/models/smollm2-f32.bin"",""--q8-model"",""/home/rmj/FPGA_LLM/llama2.c/models/smollm2-q8.bin""]",29,1.52587890625e-05,linear,2d2367f33b1e87706b959fa8ec1de4b3d04572c5d5bad9b0fd6ecbd905fc7849,True,b9ab3f3690b6648fe3ba2c1b75e1cb9af93b54d6f4ce9ad93867d20c2e61873d,57,5.69126535663e-07,model.layers.29.mlp.up_proj.weight,1,0,0,57,d444685ef3228ef0f01eee77644159391f164fdf83c26382b42ed6e2b3825ef2,87552,fp32_capture
f05906efefe2cee8cd8652a83b7c795128abef00ec21aec6ad7dfa318a7304e9,replay,True,4e9f6c50354337c415bb8c37e3ed23736ee0af40,"[""/home/rmj/FPGA_LLM/llama2.c/build/smollm"",""replay"",""--mode"",""linear"",""--trace"",""/home/rmj/FPGA_LLM/llama2.c/traces/numerical/fp32_fp32.smtrace"",""--model"",""/home/rmj/FPGA_LLM/llama2.c/models/smollm2-f32.bin"",""--q8-model"",""/home/rmj/FPGA_LLM/llama2.c/models/smollm2-q8.bin""]",29,0.105381011963,linear,2d2367f33b1e87706b959fa8ec1de4b3d04572c5d5bad9b0fd6ecbd905fc7849,,b9ab3f3690b6648fe3ba2c1b75e1cb9af93b54d6f4ce9ad93867d20c2e61873d,57,0.013479181326,model.layers.29.mlp.up_proj.weight,1,,0,57,d444685ef3228ef0f01eee77644159391f164fdf83c26382b42ed6e2b3825ef2,87552,weight_only
f05906efefe2cee8cd8652a83b7c795128abef00ec21aec6ad7dfa318a7304e9,replay,True,4e9f6c50354337c415bb8c37e3ed23736ee0af40,"[""/home/rmj/FPGA_LLM/llama2.c/build/smollm"",""replay"",""--mode"",""linear"",""--trace"",""/home/rmj/FPGA_LLM/llama2.c/traces/numerical/fp32_fp32.smtrace"",""--model"",""/home/rmj/FPGA_LLM/llama2.c/models/smollm2-f32.bin"",""--q8-model"",""/home/rmj/FPGA_LLM/llama2.c/models/smollm2-q8.bin""]",29,0.399184286594,linear,2d2367f33b1e87706b959fa8ec1de4b3d04572c5d5bad9b0fd6ecbd905fc7849,,b9ab3f3690b6648fe3ba2c1b75e1cb9af93b54d6f4ce9ad93867d20c2e61873d,57,0.0344070428089,model.layers.29.mlp.up_proj.weight,1,,0,57,d444685ef3228ef0f01eee77644159391f164fdf83c26382b42ed6e2b3825ef2,87552,activation_only
f05906efefe2cee8cd8652a83b7c795128abef00ec21aec6ad7dfa318a7304e9,replay,True,4e9f6c50354337c415bb8c37e3ed23736ee0af40,"[""/home/rmj/FPGA_LLM/llama2.c/build/smollm"",""replay"",""--mode"",""linear"",""--trace"",""/home/rmj/FPGA_LLM/llama2.c/traces/numerical/fp32_fp32.smtrace"",""--model"",""/home/rmj/FPGA_LLM/llama2.c/models/smollm2-f32.bin"",""--q8-model"",""/home/rmj/FPGA_LLM/llama2.c/models/smollm2-q8.bin""]",29,0.44420093298,linear,2d2367f33b1e87706b959fa8ec1de4b3d04572c5d5bad9b0fd6ecbd905fc7849,,b9ab3f3690b6648fe3ba2c1b75e1cb9af93b54d6f4ce9ad93867d20c2e61873d,57,0.0369591693424,model.layers.29.mlp.up_proj.weight,1,,0,57,d444685ef3228ef0f01eee77644159391f164fdf83c26382b42ed6e2b3825ef2,87552,w8a8
f05906efefe2cee8cd8652a83b7c795128abef00ec21aec6ad7dfa318a7304e9,replay,True,4e9f6c50354337c415bb8c37e3ed23736ee0af40,"[""/home/rmj/FPGA_LLM/llama2.c/build/smollm"",""replay"",""--mode"",""linear"",""--trace"",""/home/rmj/FPGA_LLM/llama2.c/traces/numerical/fp32_fp32.smtrace"",""--model"",""/home/rmj/FPGA_LLM/llama2.c/models/smollm2-f32.bin"",""--q8-model"",""/home/rmj/FPGA_LLM/llama2.c/models/smollm2-q8.bin""]",29,0.000259399414062,linear,2d2367f33b1e87706b959fa8ec1de4b3d04572c5d5bad9b0fd6ecbd905fc7849,True,b9ab3f3690b6648fe3ba2c1b75e1cb9af93b54d6f4ce9ad93867d20c2e61873d,57,7.08920150647e-06,model.layers.29.mlp.down_proj.weight,1,0,0,57,d444685ef3228ef0f01eee77644159391f164fdf83c26382b42ed6e2b3825ef2,32832,fp32_capture
f05906efefe2cee8cd8652a83b7c795128abef00ec21aec6ad7dfa318a7304e9,replay,True,4e9f6c50354337c415bb8c37e3ed23736ee0af40,"[""/home/rmj/FPGA_LLM/llama2.c/build/smollm"",""replay"",""--mode"",""linear"",""--trace"",""/home/rmj/FPGA_LLM/llama2.c/traces/numerical/fp32_fp32.smtrace"",""--model"",""/home/rmj/FPGA_LLM/llama2.c/models/smollm2-f32.bin"",""--q8-model"",""/home/rmj/FPGA_LLM/llama2.c/models/smollm2-q8.bin""]",29,3.76098632812,linear,2d2367f33b1e87706b959fa8ec1de4b3d04572c5d5bad9b0fd6ecbd905fc7849,,b9ab3f3690b6648fe3ba2c1b75e1cb9af93b54d6f4ce9ad93867d20c2e61873d,57,0.166399909287,model.layers.29.mlp.down_proj.weight,1,,0,57,d444685ef3228ef0f01eee77644159391f164fdf83c26382b42ed6e2b3825ef2,32832,weight_only
f05906efefe2cee8cd8652a83b7c795128abef00ec21aec6ad7dfa318a7304e9,replay,True,4e9f6c50354337c415bb8c37e3ed23736ee0af40,"[""/home/rmj/FPGA_LLM/llama2.c/build/smollm"",""replay"",""--mode"",""linear"",""--trace"",""/home/rmj/FPGA_LLM/llama2.c/traces/numerical/fp32_fp32.smtrace"",""--model"",""/home/rmj/FPGA_LLM/llama2.c/models/smollm2-f32.bin"",""--q8-model"",""/home/rmj/FPGA_LLM/llama2.c/models/smollm2-q8.bin""]",29,10.2553710938,linear,2d2367f33b1e87706b959fa8ec1de4b3d04572c5d5bad9b0fd6ecbd905fc7849,,b9ab3f3690b6648fe3ba2c1b75e1cb9af93b54d6f4ce9ad93867d20c2e61873d,57,0.355314771596,model.layers.29.mlp.down_proj.weight,1,,0,57,d444685ef3228ef0f01eee77644159391f164fdf83c26382b42ed6e2b3825ef2,32832,activation_only
f05906efefe2cee8cd8652a83b7c795128abef00ec21aec6ad7dfa318a7304e9,replay,True,4e9f6c50354337c415bb8c37e3ed23736ee0af40,"[""/home/rmj/FPGA_LLM/llama2.c/build/smollm"",""replay"",""--mode"",""linear"",""--trace"",""/home/rmj/FPGA_LLM/llama2.c/traces/numerical/fp32_fp32.smtrace"",""--model"",""/home/rmj/FPGA_LLM/llama2.c/models/smollm2-f32.bin"",""--q8-model"",""/home/rmj/FPGA_LLM/llama2.c/models/smollm2-q8.bin""]",29,6.45349121094,linear,2d2367f33b1e87706b959fa8ec1de4b3d04572c5d5bad9b0fd6ecbd905fc7849,,b9ab3f3690b6648fe3ba2c1b75e1cb9af93b54d6f4ce9ad93867d20c2e61873d,57,0.386032767327,model.layers.29.mlp.down_proj.weight,1,,0,57,d444685ef3228ef0f01eee77644159391f164fdf83c26382b42ed6e2b3825ef2,32832,w8a8
f05906efefe2cee8cd8652a83b7c795128abef00ec21aec6ad7dfa318a7304e9,replay,True,4e9f6c50354337c415bb8c37e3ed23736ee0af40,"[""/home/rmj/FPGA_LLM/llama2.c/build/smollm"",""replay"",""--mode"",""linear"",""--trace"",""/home/rmj/FPGA_LLM/llama2.c/traces/numerical/fp32_fp32.smtrace"",""--model"",""/home/rmj/FPGA_LLM/llama2.c/models/smollm2-f32.bin"",""--q8-model"",""/home/rmj/FPGA_LLM/llama2.c/models/smollm2-q8.bin""]",-1,4.57763671875e-05,linear,2d2367f33b1e87706b959fa8ec1de4b3d04572c5d5bad9b0fd6ecbd905fc7849,True,b9ab3f3690b6648fe3ba2c1b75e1cb9af93b54d6f4ce9ad93867d20c2e61873d,57,4.73345713347e-06,model.embed_tokens.weight,1,0,0,57,d444685ef3228ef0f01eee77644159391f164fdf83c26382b42ed6e2b3825ef2,2801664,fp32_capture
f05906efefe2cee8cd8652a83b7c795128abef00ec21aec6ad7dfa318a7304e9,replay,True,4e9f6c50354337c415bb8c37e3ed23736ee0af40,"[""/home/rmj/FPGA_LLM/llama2.c/build/smollm"",""replay"",""--mode"",""linear"",""--trace"",""/home/rmj/FPGA_LLM/llama2.c/traces/numerical/fp32_fp32.smtrace"",""--model"",""/home/rmj/FPGA_LLM/llama2.c/models/smollm2-f32.bin"",""--q8-model"",""/home/rmj/FPGA_LLM/llama2.c/models/smollm2-q8.bin""]",-1,0.463157653809,linear,2d2367f33b1e87706b959fa8ec1de4b3d04572c5d5bad9b0fd6ecbd905fc7849,,b9ab3f3690b6648fe3ba2c1b75e1cb9af93b54d6f4ce9ad93867d20c2e61873d,57,0.0564709888163,model.embed_tokens.weight,1,,1,57,d444685ef3228ef0f01eee77644159391f164fdf83c26382b42ed6e2b3825ef2,2801664,weight_only
f05906efefe2cee8cd8652a83b7c795128abef00ec21aec6ad7dfa318a7304e9,replay,True,4e9f6c50354337c415bb8c37e3ed23736ee0af40,"[""/home/rmj/FPGA_LLM/llama2.c/build/smollm"",""replay"",""--mode"",""linear"",""--trace"",""/home/rmj/FPGA_LLM/llama2.c/traces/numerical/fp32_fp32.smtrace"",""--model"",""/home/rmj/FPGA_LLM/llama2.c/models/smollm2-f32.bin"",""--q8-model"",""/home/rmj/FPGA_LLM/llama2.c/models/smollm2-q8.bin""]",-1,0.573587417603,linear,2d2367f33b1e87706b959fa8ec1de4b3d04572c5d5bad9b0fd6ecbd905fc7849,,b9ab3f3690b6648fe3ba2c1b75e1cb9af93b54d6f4ce9ad93867d20c2e61873d,57,0.0800924949886,model.embed_tokens.weight,1,,1,57,d444685ef3228ef0f01eee77644159391f164fdf83c26382b42ed6e2b3825ef2,2801664,activation_only
f05906efefe2cee8cd8652a83b7c795128abef00ec21aec6ad7dfa318a7304e9,replay,True,4e9f6c50354337c415bb8c37e3ed23736ee0af40,"[""/home/rmj/FPGA_LLM/llama2.c/build/smollm"",""replay"",""--mode"",""linear"",""--trace"",""/home/rmj/FPGA_LLM/llama2.c/traces/numerical/fp32_fp32.smtrace"",""--model"",""/home/rmj/FPGA_LLM/llama2.c/models/smollm2-f32.bin"",""--q8-model"",""/home/rmj/FPGA_LLM/llama2.c/models/smollm2-q8.bin""]",-1,0.855597496033,linear,2d2367f33b1e87706b959fa8ec1de4b3d04572c5d5bad9b0fd6ecbd905fc7849,,b9ab3f3690b6648fe3ba2c1b75e1cb9af93b54d6f4ce9ad93867d20c2e61873d,57,0.0979751484298,model.embed_tokens.weight,1,,1,57,d444685ef3228ef0f01eee77644159391f164fdf83c26382b42ed6e2b3825ef2,2801664,w8a8
